Workbook

Sheet Utregning
A1: Nedre | B1: Øvre | C1: Frekv. | D1: Høyde
A2: =IF('Inndata til histogram'!A8="",0,'Inndata til histogram'!A8) -> 0 | B2: ='Inndata til histogram'!B8 | C2: ='Inndata til histogram'!C8 -> 0 | D2: =IF(AND('Inndata til histogram'!A8<>"",'Inndata til histogram'!H8<>"",'Inndata til histogram'!H8<>0),'Inndata til histogram'!C8/'Inndata til histogram'!H8,0) -> 0 | F2: =A2 -> 0 | G2: =F2 -> 0 | H2: =B2 | I2: =A3 -> 0 | J2: =I2 -> 0 | K2: =B3 | L2: =A4 -> 0 | M2: =L2 -> 0 | N2: =B4 | O2: =A5 -> 0 | P2: =O2 -> 0 | Q2: =B5 | R2: =A6 -> 0 | S2: =R2 -> 0 | T2: =B6 | U2: =A7 -> 0 | V2: =U2 -> 0 | W2: =B7 | X2: =A8 -> 0 | Y2: =X2 -> 0 | Z2: =B8 | AA2: =A9 -> 0 | AB2: =AA2 -> 0 | AC2: =B9 | AD2: =A10 -> 0 | AE2: =AD2 -> 0 | AF2: =B10 | AG2: =A11 -> 0 | AH2: =AG2 -> 0 | AI2: =B11 | AJ2: =A12 -> 0 | AK2: =AJ2 -> 0 | AL2: =B12 | AM2: =A13 -> 0 | AN2: =AM2 -> 0 | AO2: =B13 | AP2: =A14 -> 0 | AQ2: =AP2 -> 0 | AR2: =B14 | AS2: =A15 -> 0 | AT2: =AS2 -> 0 | AU2: =B15 | AV2: =A16 -> 0 | AW2: =AV2 -> 0 | AX2: =B16 | AY2: =A17 -> 0 | AZ2: =AY2 -> 0 | BA2: =B17 | BB2: =A18 -> 0 | BC2: =BB2 -> 0 | BD2: =B18 | BE2: =A19 -> 0 | BF2: =BE2 -> 0 | BG2: =B19 | BH2: =A20 -> 0 | BI2: =BH2 -> 0 | BJ2: =B20 | BK2: =A21 -> 0 | BL2: =BK2 -> 0 | BM2: =B21
A3: =IF('Inndata til histogram'!A9="",0,'Inndata til histogram'!A9) -> 0 | B3: ='Inndata til histogram'!B9 | C3: ='Inndata til histogram'!C9 -> 0 | D3: =IF(AND('Inndata til histogram'!A9<>"",'Inndata til histogram'!H9<>"",'Inndata til histogram'!H9<>0),'Inndata til histogram'!C9/'Inndata til histogram'!H9,0) -> 0 | F3: =IF(F2<>"",0,"") -> 0 | G3: =D2 -> 0 | H3: =G3 -> 0 | I3: =IF(I2<>"",0,"") -> 0 | J3: =D3 -> 0 | K3: =J3 -> 0 | L3: =IF(L2<>"",0,"") -> 0 | M3: =D4 -> 0 | N3: =M3 -> 0 | O3: =IF(O2<>"",0,"") -> 0 | P3: =D5 -> 0 | Q3: =P3 -> 0 | R3: =IF(R2<>"",0,"") -> 0 | S3: =D6 -> 0 | T3: =S3 -> 0 | U3: =IF(U2<>"",0,"") -> 0 | V3: =D7 -> 0 | W3: =V3 -> 0 | X3: =IF(X2<>"",0,"") -> 0 | Y3: =D8 -> 0 | Z3: =Y3 -> 0 | AA3: =IF(AA2<>"",0,"") -> 0 | AB3: =D9 -> 0 | AC3: =AB3 -> 0 | AD3: =IF(AD2<>"",0,"") -> 0 | AE3: =D10 -> 0 | AF3: =AE3 -> 0 | AG3: =IF(AG2<>"",0,"") -> 0 | AH3: =D11 -> 0 | AI3: =AH3 -> 0 | AJ3: =IF(AJ2<>"",0,"") -> 0 | AK3: =D12 -> 0 | AL3: =AK3 -> 0 | AM3: =IF(AM2<>"",0,"") -> 0 | AN3: =D13 -> 0 | AO3: =AN3 -> 0 | AP3: =IF(AP2<>"",0,"") -> 0 | AQ3: =D14 -> 0 | AR3: =AQ3 -> 0 | AS3: =IF(AS2<>"",0,"") -> 0 | AT3: =D15 -> 0 | AU3: =AT3 -> 0 | AV3: =IF(AV2<>"",0,"") -> 0 | AW3: =D16 -> 0 | AX3: =AW3 -> 0 | AY3: =IF(AY2<>"",0,"") -> 0 | AZ3: =D17 -> 0 | BA3: =AZ3 -> 0 | BB3: =IF(BB2<>"",0,"") -> 0 | BC3: =D18 -> 0 | BD3: =BC3 -> 0 | BE3: =IF(BE2<>"",0,"") -> 0 | BF3: =D19 -> 0 | BG3: =BF3 -> 0 | BH3: =IF(BH2<>"",0,"") -> 0 | BI3: =D20 -> 0 | BJ3: =BI3 -> 0 | BK3: =IF(BK2<>"",0,"") -> 0 | BL3: =D21 -> 0 | BM3: =BL3 -> 0
A4: =IF('Inndata til histogram'!A10="",0,'Inndata til histogram'!A10) -> 0 | B4: ='Inndata til histogram'!B10 | C4: ='Inndata til histogram'!C10 -> 0 | D4: =IF(AND('Inndata til histogram'!A10<>"",'Inndata til histogram'!H10<>"",'Inndata til histogram'!H10<>0),'Inndata til histogram'!C10/'Inndata til histogram'!H10,0) -> 0
A5: =IF('Inndata til histogram'!A11="",0,'Inndata til histogram'!A11) -> 0 | B5: ='Inndata til histogram'!B11 | C5: ='Inndata til histogram'!C11 -> 0 | D5: =IF(AND('Inndata til histogram'!A11<>"",'Inndata til histogram'!H11<>"",'Inndata til histogram'!H11<>0),'Inndata til histogram'!C11/'Inndata til histogram'!H11,0) -> 0
A6: =IF('Inndata til histogram'!A12="",0,'Inndata til histogram'!A12) -> 0 | B6: ='Inndata til histogram'!B12 | C6: ='Inndata til histogram'!C12 -> 0 | D6: =IF(AND('Inndata til histogram'!A12<>"",'Inndata til histogram'!H12<>"",'Inndata til histogram'!H12<>0),'Inndata til histogram'!C12/'Inndata til histogram'!H12,0) -> 0
A7: =IF('Inndata til histogram'!A13="",0,'Inndata til histogram'!A13) -> 0 | B7: ='Inndata til histogram'!B13 | C7: ='Inndata til histogram'!C13 -> 0 | D7: =IF(AND('Inndata til histogram'!A13<>"",'Inndata til histogram'!H13<>"",'Inndata til histogram'!H13<>0),'Inndata til histogram'!C13/'Inndata til histogram'!H13,0) -> 0
A8: =IF('Inndata til histogram'!A14="",0,'Inndata til histogram'!A14) -> 0 | B8: ='Inndata til histogram'!B14 | C8: ='Inndata til histogram'!C14 -> 0 | D8: =IF(AND('Inndata til histogram'!A14<>"",'Inndata til histogram'!H14<>"",'Inndata til histogram'!H14<>0),'Inndata til histogram'!C14/'Inndata til histogram'!H14,0) -> 0
A9: =IF('Inndata til histogram'!A15="",0,'Inndata til histogram'!A15) -> 0 | B9: ='Inndata til histogram'!B15 | C9: ='Inndata til histogram'!C15 -> 0 | D9: =IF(AND('Inndata til histogram'!A15<>"",'Inndata til histogram'!H15<>"",'Inndata til histogram'!H15<>0),'Inndata til histogram'!C15/'Inndata til histogram'!H15,0) -> 0
A10: =IF('Inndata til histogram'!A16="",0,'Inndata til histogram'!A16) -> 0 | B10: ='Inndata til histogram'!B16 | C10: ='Inndata til histogram'!C16 -> 0 | D10: =IF(AND('Inndata til histogram'!A16<>"",'Inndata til histogram'!H16<>"",'Inndata til histogram'!H16<>0),'Inndata til histogram'!C16/'Inndata til histogram'!H16,0) -> 0
A11: =IF('Inndata til histogram'!A17="",0,'Inndata til histogram'!A17) -> 0 | B11: ='Inndata til histogram'!B17 | C11: ='Inndata til histogram'!C17 -> 0 | D11: =IF(AND('Inndata til histogram'!A17<>"",'Inndata til histogram'!H17<>"",'Inndata til histogram'!H17<>0),'Inndata til histogram'!C17/'Inndata til histogram'!H17,0) -> 0
A12: =IF('Inndata til histogram'!A18="",0,'Inndata til histogram'!A18) -> 0 | B12: ='Inndata til histogram'!B18 | C12: ='Inndata til histogram'!C18 -> 0 | D12: =IF(AND('Inndata til histogram'!A18<>"",'Inndata til histogram'!H18<>"",'Inndata til histogram'!H18<>0),'Inndata til histogram'!C18/'Inndata til histogram'!H18,0) -> 0
A13: =IF('Inndata til histogram'!A19="",0,'Inndata til histogram'!A19) -> 0 | B13: ='Inndata til histogram'!B19 | C13: ='Inndata til histogram'!C19 -> 0 | D13: =IF(AND('Inndata til histogram'!A19<>"",'Inndata til histogram'!H19<>"",'Inndata til histogram'!H19<>0),'Inndata til histogram'!C19/'Inndata til histogram'!H19,0) -> 0
A14: =IF('Inndata til histogram'!A20="",0,'Inndata til histogram'!A20) -> 0 | B14: ='Inndata til histogram'!B20 | C14: ='Inndata til histogram'!C20 -> 0 | D14: =IF(AND('Inndata til histogram'!A20<>"",'Inndata til histogram'!H20<>"",'Inndata til histogram'!H20<>0),'Inndata til histogram'!C20/'Inndata til histogram'!H20,0) -> 0
A15: =IF('Inndata til histogram'!A21="",0,'Inndata til histogram'!A21) -> 0 | B15: ='Inndata til histogram'!B21 | C15: ='Inndata til histogram'!C21 -> 0 | D15: =IF(AND('Inndata til histogram'!A21<>"",'Inndata til histogram'!H21<>"",'Inndata til histogram'!H21<>0),'Inndata til histogram'!C21/'Inndata til histogram'!H21,0) -> 0
... A21: =IF('Inndata til histogram'!A27="",0,'Inndata til histogram'!A27) -> 0 | B21: ='Inndata til histogram'!B27 | C21: ='Inndata til histogram'!C27 -> 0 | D21: =IF(AND('Inndata til histogram'!A27<>"",'Inndata til histogram'!H27<>"",'Inndata til histogram'!H27<>0),'Inndata til histogram'!C27/'Inndata til histogram'!H27,0) -> 0

Sheet Hovedside
A1: Snarveier | B1: Mattetype
A2: Nedbetaling av lån | B2: 1P og 2P
A3: Frekvenstabell | B3: 2P
A4: Pytagoras-kalkulator | B4: 1P
A5: Prosentregning | B5: 1P og 2P
A6: Omgjøring av enheter | B6: 1P
A7: Histogram | B7: 2P
A11: Lykke til med eksamen! Hilsen Snorre Saus❤

Sheet Nedbetaling av lån
A1: AMORTISERINGSPLAN – Lånenedbetaling
A3: Lånets beløp (kr) | B3: 200000
A4: Årlig rente (%) | B4: 3
A5: Låneperiode (år) | B5: 10
A9: År | B9: Restlån (kr) | C9: Renter (kr) | D9: Avdrag (kr) | E9: Sluttbalanse (kr)
A10: 1 | B10: =B3 -> 200000 | C10: =B10*B4% -> 6000 | D10: =B3/B5 -> 20000 | E10: =C10+D10 -> 26000
A11: 2 | B11: =B10-D10 -> 180000 | C11: =B11*$B$4% -> 5400 | D11: =$B$3/$B$5 -> 20000 | E11: =IFERROR(IF(OR(B11="",C11="",D11=""),0,MAX(0,B11+C11-D11)),"") -> 165400
A12: 3 | B12: =B11-D11 -> 160000 | C12: =B12*$B$4% -> 4800 | D12: =$B$3/$B$5 -> 20000 | E12: =IFERROR(IF(OR(B12="",C12="",D12=""),0,MAX(0,B12+C12-D12)),"") -> 144800
A13: 4 | B13: =B12-D12 -> 140000 | C13: =B13*$B$4% -> 4200 | D13: =$B$3/$B$5 -> 20000 | E13: =IFERROR(IF(OR(B13="",C13="",D13=""),0,MAX(0,B13+C13-D13)),"") -> 124200
A14: 5 | B14: =B13-D13 -> 120000 | C14: =B14*$B$4% -> 3600 | D14: =$B$3/$B$5 -> 20000 | E14: =IFERROR(IF(OR(B14="",C14="",D14=""),0,MAX(0,B14+C14-D14)),"") -> 103600
A15: 6 | B15: =B14-D14 -> 100000 | C15: =B15*$B$4% -> 3000 | D15: =$B$3/$B$5 -> 20000 | E15: =IFERROR(IF(OR(B15="",C15="",D15=""),0,MAX(0,B15+C15-D15)),"") -> 83000
A16: 7 | B16: =B15-D15 -> 80000 | C16: =B16*$B$4% -> 2400 | D16: =$B$3/$B$5 -> 20000 | E16: =IFERROR(IF(OR(B16="",C16="",D16=""),0,MAX(0,B16+C16-D16)),"") -> 62400
A17: 8 | B17: =B16-D16 -> 60000 | C17: =B17*$B$4% -> 1800 | D17: =$B$3/$B$5 -> 20000 | E17: =IFERROR(IF(OR(B17="",C17="",D17=""),0,MAX(0,B17+C17-D17)),"") -> 41800
A18: 9 | B18: =B17-D17 -> 40000 | C18: =B18*$B$4% -> 1200 | D18: =$B$3/$B$5 -> 20000 | E18: =IFERROR(IF(OR(B18="",C18="",D18=""),0,MAX(0,B18+C18-D18)),"") -> 21200
A19: 10 | B19: =B18-D18 -> 20000 | C19: =B19*$B$4% -> 600 | D19: =$B$3/$B$5 -> 20000 | E19: =IFERROR(IF(OR(B19="",C19="",D19=""),0,MAX(0,B19+C19-D19)),"") -> 600
A20: 11 | B20: =B19-D19 -> 0 | C20: =B20*$B$4% -> 0 | D20: =$B$3/$B$5 -> 20000 | E20: =IFERROR(IF(OR(B20="",C20="",D20=""),0,MAX(0,B20+C20-D20)),"") -> 0
A21: 12 | B21: =B20-D20 -> -20000 | C21: =B21*$B$4% -> -600 | D21: =$B$3/$B$5 -> 20000 | E21: =IFERROR(IF(OR(B21="",C21="",D21=""),0,MAX(0,B21+C21-D21)),"") -> 0
A22: 13 | B22: =B21-D21 -> -40000 | C22: =B22*$B$4% -> -1200 | D22: =$B$3/$B$5 -> 20000 | E22: =IFERROR(IF(OR(B22="",C22="",D22=""),0,MAX(0,B22+C22-D22)),"") -> 0
... A24: 15 | B24: =B23-D23 -> -80000 | C24: =B24*$B$4% -> -2400 | D24: =$B$3/$B$5 -> 20000 | E24: =IFERROR(IF(OR(B24="",C24="",D24=""),0,MAX(0,B24+C24-D24)),"") -> 0
A26: SUM | B26: =SUM(B10:B24) -> 900000 | C26: =SUM(C10:C24) -> 27000 | D26: =SUM(D10:D24) -> 300000 | E26: =IFERROR(E24,"") -> 0
A28: Fyll inn blå celler: Lånets beløp, årlig rente (%) og låneperiode (år). Amortiseringsplanen beregnes automatisk.

Sheet Frekvenstabell
A1: FREKVENSTABELL – Gjennomsnitt og Standardavvik | I1: GUIDE
A2: Fyll inn Observasjon og Frekvens (blå celler). Alle beregninger skjer automatisk.
A4: Observasjon (x) | B4: Frekvens (f) | C4: frekvens · observasjon | D4: (x − x̄)² · f (brukes for standardavvik) | F4: Resultater | I4: GUIDE
C5: =IFERROR(IF(B5="","",A5*B5),"") | D5: =IFERROR(IF(OR(A5="",B5=""),"",(A5-$G$7)^2*B5),"") | F5: Totalt antall (n) | G5: =B15 -> 0 | I5: 1. Fyll inn observasjoner (blå) i kolonne A
C6: =IFERROR(IF(B6="","",A6*B6),"") | D6: =IFERROR(IF(OR(A6="",B6=""),"",(A6-$G$7)^2*B6),"") | F6: Sum f·x | G6: =C15 -> 0 | I6: 2. Fyll inn tilhørende frekvenser (blå) i kolonne B
C7: =IFERROR(IF(B7="","",A7*B7),"") | D7: =IFERROR(IF(OR(A7="",B7=""),"",(A7-$G$7)^2*B7),"") | F7: Gjennomsnitt (x̄) | G7: =IFERROR(C15/B15,"") | I7: 3. Alle beregninger oppdateres automatisk
C8: =IFERROR(IF(B8="","",A8*B8),"") | D8: =IFERROR(IF(OR(A8="",B8=""),"",(A8-$G$7)^2*B8),"") | F8: Sum (x−x̄)²·f | G8: =IFERROR(D15,"") -> 0
C9: =IFERROR(IF(B9="","",A9*B9),"") | D9: =IFERROR(IF(OR(A9="",B9=""),"",(A9-$G$7)^2*B9),"") | F9: Varians (s²) | G9: =IFERROR(D15/(B15-1),"") -> 0 | I9: Tips:
C10: =IFERROR(IF(B10="","",A10*B10),"") | D10: =IFERROR(IF(OR(A10="",B10=""),"",(A10-$G$7)^2*B10),"") | F10: Standardavvik (s) | G10: =IFERROR(SQRT(D15/(B15-1)),"") -> 0 | I10: • Bruk maks 10 observasjoner
C11: =IFERROR(IF(B11="","",A11*B11),"") | D11: =IFERROR(IF(OR(A11="",B11=""),"",(A11-$G$7)^2*B11),"") | I11: • La tomme rader stå tomme
C12: =IFERROR(IF(B12="","",A12*B12),"") | D12: =IFERROR(IF(OR(A12="",B12=""),"",(A12-$G$7)^2*B12),"") | I12: • Formlene håndterer tomme celler
C13: =IFERROR(IF(B13="","",A13*B13),"") | D13: =IFERROR(IF(OR(A13="",B13=""),"",(A13-$G$7)^2*B13),"")
C14: =IFERROR(IF(B14="","",A14*B14),"") | D14: =IFERROR(IF(OR(A14="",B14=""),"",(A14-$G$7)^2*B14),"") | I14: Screenshot av tabellen:
A15: SUM | B15: =SUM(B5:B14) -> 0 | C15: =SUM(C5:C14) -> 0 | D15: =IFERROR(SUM(D5:D14),"") -> 0 | I15: Shift + Windows + S
I17: Screenshot med formler:
I18: Formler → Vis formler,
I19: ta screenshot, lim i Word

Sheet Pytagoras-kalkulator
B2: 📐 Pytagoras-kalkulator
B4: Fyll inn to kjente sider — den ukjente beregnes automatisk. Legg inn 0 eller la feltet stå tomt for den siden du vil finne.
B6: TILFELLE 1 — Finn hypotenusen (c)
B7: Side | C7: Verdi | E7: Side | F7: Verdi
B8: Katet a | C8: 3 | E8: Katet b | F8: 4
B9: Hypotenus c = | E9: =IF(AND(ISNUMBER(C8),ISNUMBER(F8),C8>0,F8>0),SQRT(C8^2+F8^2),"Fyll inn a og b") -> 5
B10: Formel: c = √(a² + b²)
B12: TILFELLE 2 — Finn katet a
B13: Side | C13: Verdi | E13: Side | F13: Verdi
B14: Hypotenus c | C14: 5 | E14: Katet b | F14: 4
B15: Katet a = | E15: =IF(AND(ISNUMBER(C14),ISNUMBER(F14),C14>0,F14>0,C14>F14),SQRT(C14^2-F14^2),IF(C14<=F14,"c må være større enn b","Fyll inn c og b")) -> 3
B16: Formel: a = √(c² − b²)
B18: TILFELLE 3 — Finn katet b
B19: Side | C19: Verdi | E19: Side | F19: Verdi
B20: Hypotenus c | C20: 5 | E20: Katet a | F20: 3
B21: Katet b = | E21: =IF(AND(ISNUMBER(C20),ISNUMBER(F20),C20>0,F20>0,C20>F20),SQRT(C20^2-F20^2),IF(C20<=F20,"c må være større enn a","Fyll inn c og a")) -> 4
B22: Formel: b = √(c² − a²)
B24: Forklaring
B25: Blå tall = input (endre her) | E25: Grønn = beregnet svar

Sheet Prosentregning
A1: 📈 FINN NY VERDI
A2: Formel: Ny verdi = Opprinnelig verdi × (1 + Prosentvis endring / 100)
A3: Felt | B3: Tall | C3: Forklaring
A4: Opprinnelig verdi | B4: 1000 | C4: Skriv inn utgangsverdien din her
A5: Prosentvis endring (%) | B5: 25 | C5: Positiv = økning, negativ = reduksjon
A6: RESULTAT
A7: ✅ Ny verdi | B7: =B4*(1+B5/100) -> 1250 | C7: Automatisk beregnet
A8: 📊 Faktisk endring | B8: =B7-B4 -> 250 | C8: Differansen i absolutt verdi
A11: 🔍 FINN OPPRINNELIG VERDI
A12: Formel: Opprinnelig verdi = Ny verdi ÷ (1 + Prosentvis endring / 100)
A13: Felt | B13: Tall | C13: Forklaring
A14: Ny verdi (etter endring) | B14: 1250 | C14: Skriv inn verdien etter endringen
A15: Prosentvis endring (%) | B15: 25 | C15: Positiv = økning, negativ = reduksjon
A16: RESULTAT
A17: ✅ Opprinnelig verdi | B17: =IF(1+B15/100=0,"Ugyldig: 0%",B14/(1+B15/100)) -> 1000 | C17: Automatisk beregnet
A18: 📊 Faktisk endring | B18: =IF(ISNUMBER(B17),B14-B17,"") -> 250 | C18: Differansen i absolutt verdi
A21: 📉 FINN PROSENTVIS ENDRING
A22: Formel: % endring = (Ny verdi − Opprinnelig verdi) ÷ Opprinnelig verdi × 100
A23: Felt | B23: Tall | C23: Forklaring
A24: Opprinnelig verdi | B24: 1000 | C24: Startverdien (før endringen)
A25: Ny verdi | B25: 1250 | C25: Sluttverdien (etter endringen)
A26: RESULTAT
A27: ✅ Prosentvis endring | B27: =IF(B24=0,"Ugyldig: startverdi er 0",(B25-B24)/B24*100) -> 25 | C27: I prosent (%) — negativt = reduksjon
A28: 📊 Faktisk endring | B28: =B25-B24 -> 250 | C28: Differansen i absolutt verdi
A29: 🔁 Formatert | B29: =IF(ISNUMBER(B27),TEXT(B27,"0.00")&" %",B27) -> 25.00 % | C29: Samme som over, men med %-tegn

Sheet Omgjøring av enheter
A1: ENHETOMGJØRING - 1P/2P EKSAMEN
A3: VOLUM (Kubikkenheter)
A4: cm³ → m³ | C4: =B4/1000000 -> 0 | D4: Deling på 1 million
A5: m³ → cm³ | C5: =B5*1000000 -> 0 | D5: Multiplikasjon med 1 million
A6: Liter → m³ | C6: =B6/1000 -> 0 | D6: 1 m³ = 1000 liter
A7: m³ → Liter | C7: =B7*1000 -> 0 | D7: 1 m³ = 1000 liter
A8: mm³ → cm³ | C8: =B8/1000 -> 0 | D8: Deling på 1000
A9: cm³ → Liter | C9: =B9/1000 -> 0 | D9: 1 cm³ = 1 mL
A11: LENGDE
A12: mm → cm | C12: =B12/10 -> 0 | D12: Deling på 10
A13: cm → m | C13: =B13/100 -> 0 | D13: Deling på 100
A14: m → km | C14: =B14/1000 -> 0 | D14: Deling på 1000
A15: mm → m | C15: =B15/1000 -> 0 | D15: Deling på 1000
A16: km → m | C16: =B16*1000 -> 0 | D16: Multiplikasjon med 1000
A17: m → cm | C17: =B17*100 -> 0 | D17: Multiplikasjon med 100
A19: AREAL (kvadratenheter)
A20: mm² → cm² | C20: =B20/100 -> 0 | D20: Deling på 100
A21: cm² → m² | C21: =B21/10000 -> 0 | D21: Deling på 10000
A22: m² → km² | C22: =B22/1000000 -> 0 | D22: Deling på 1 million
A23: m² → cm² | C23: =B23*10000 -> 0 | D23: Multiplikasjon med 10000
A24: km² → m² | C24: =B24*1000000 -> 0 | D24: Multiplikasjon med 1 million
A25: Dekar → m² | C25: =B25*1000 -> 0 | D25: 1 dekar = 1000 m²
A28: HASTIGHET
A29: m/s → km/h | C29: =B29*3.6 -> 0 | D29: Multiplikasjon med 3,6
A30: km/h → m/s | C30: =B30/3.6 -> 0 | D30: Deling på 3,6
A32: TEMPERATUR
A33: °C → °F | C33: =B33*9/5+32 -> 32 | D33: Multiplikasjon og addisjon
A34: °F → °C | C34: =(B34-32)*5/9 -> -17.777778 | D34: Subtraksjon og divisjon
A35: °C → K | C35: =B35+273.15 -> 273.15 | D35: Kelvin = Celsius + 273,15

Sheet Inndata til histogram
A1: 📊 Histogram – Sentralmål i gruppert materiale
A2: Instruksjon: Skriv inn siste øvre grense i B4, deretter nedre grenser i A8:A27, og frekvenser i C8:C27
A3: Siste øvre grense → | H3: =AND(COUNT(A8:A27)>0,COUNT(A8:A27)=COUNT(C8:C27),B3<>"") -> FALSE | K3: Resultater
K4: Totalt antall (n) | L4: =IF(AND(COUNT(A8:A27)>0,COUNT(A8:A27)=COUNT(C8:C27),B3<>""),SUM(C8:C27),"")
A5: Nedre grense | B5: Øvre grense (auto) | C5: Frekvens | D5: Midtpunkt | E5: x · f | F5: Kumulativ frekv. | G5: H-hjelp (median) | H5: Bredde | I5: Høyde (f/bredde) | K5: Mediannummer | L5: =IF(AND(COUNT(A8:A27)>0,COUNT(A8:A27)=COUNT(C8:C27),B3<>""),(SUM(C8:C27)+1)/2,"")
K6: Median | L6: =IF(AND(COUNT(A8:A27)>0,COUNT(A8:A27)=COUNT(C8:C27),B3<>""),OFFSET(A8,COUNT(G8:G27),0)+(L5-IF(COUNT(G8:G27)>0,OFFSET(F8,COUNT(G8:G27)-1,0),0))/OFFSET(C8,COUNT(G8:G27),0)*OFFSET(H8,COUNT(G8:G27),0),"")
K7: Gjennomsnitt | L7: =IF(AND(COUNT(A8:A27)>0,COUNT(A8:A27)=COUNT(C8:C27),B3<>""),SUM(E8:E27)/SUM(C8:C27),"")
B8: =IF(A8="","",IF(A9="",B$3,A9)) | D8: =IF(A8<>"",(A8+B8)/2,"") | E8: =IF(A8<>"",C8*D8,"") | F8: =IF(C8<>"",C8,"") | G8: =IF(AND(F8<>"",F8<J8,H3),F8,"") | H8: =IF(A8<>"",(B8-A8),"") | I8: =IF(AND(A8<>"",H8<>"",H8<>0),C8/H8,"") | J8: =IF(AND(COUNT(A8:A27)>0,COUNT(A8:A27)=COUNT(C8:C27),B3<>""),(IF(AND(COUNT(A8:A27)>0,COUNT(A8:A27)=COUNT(C8:C27),B3<>""),SUM(C8:C27),1)+1)/2,0) -> 0 | K8: =IF(AND(COUNT(A8:A27)>0,COUNT(A8:A27)=COUNT(C8:C27),B3<>""),"✅ Klar – se Histogram-fanen","⚠️ Fyll inn data i kolonne A og C") -> ⚠️ Fyll inn data i kolonne A og C
B9: =IF(A9="","",IF(A10="",B$3,A10)) | D9: =IF(A9<>"",(A9+B9)/2,"") | E9: =IF(A9<>"",C9*D9,"") | F9: =IF(C9<>"",F8+C9,"") | G9: =IF(AND(F9<>"",F9<J8,H3),F9,"") | H9: =IF(A9<>"",(B9-A9),"") | I9: =IF(AND(A9<>"",H9<>"",H9<>0),C9/H9,"")
B10: =IF(A10="","",IF(A11="",B$3,A11)) | D10: =IF(A10<>"",(A10+B10)/2,"") | E10: =IF(A10<>"",C10*D10,"") | F10: =IF(C10<>"",F9+C10,"") | G10: =IF(AND(F10<>"",F10<J8,H3),F10,"") | H10: =IF(A10<>"",(B10-A10),"") | I10: =IF(AND(A10<>"",H10<>"",H10<>0),C10/H10,"")
B11: =IF(A11="","",IF(A12="",B$3,A12)) | D11: =IF(A11<>"",(A11+B11)/2,"") | E11: =IF(A11<>"",C11*D11,"") | F11: =IF(C11<>"",F10+C11,"") | G11: =IF(AND(F11<>"",F11<J8,H3),F11,"") | H11: =IF(A11<>"",(B11-A11),"") | I11: =IF(AND(A11<>"",H11<>"",H11<>0),C11/H11,"")
B12: =IF(A12="","",IF(A13="",B$3,A13)) | D12: =IF(A12<>"",(A12+B12)/2,"") | E12: =IF(A12<>"",C12*D12,"") | F12: =IF(C12<>"",F11+C12,"") | G12: =IF(AND(F12<>"",F12<J8,H3),F12,"") | H12: =IF(A12<>"",(B12-A12),"") | I12: =IF(AND(A12<>"",H12<>"",H12<>0),C12/H12,"")
B13: =IF(A13="","",IF(A14="",B$3,A14)) | D13: =IF(A13<>"",(A13+B13)/2,"") | E13: =IF(A13<>"",C13*D13,"") | F13: =IF(C13<>"",F12+C13,"") | G13: =IF(AND(F13<>"",F13<J8,H3),F13,"") | H13: =IF(A13<>"",(B13-A13),"") | I13: =IF(AND(A13<>"",H13<>"",H13<>0),C13/H13,"")
B14: =IF(A14="","",IF(A15="",B$3,A15)) | D14: =IF(A14<>"",(A14+B14)/2,"") | E14: =IF(A14<>"",C14*D14,"") | F14: =IF(C14<>"",F13+C14,"") | G14: =IF(AND(F14<>"",F14<J8,H3),F14,"") | H14: =IF(A14<>"",(B14-A14),"") | I14: =IF(AND(A14<>"",H14<>"",H14<>0),C14/H14,"")
B15: =IF(A15="","",IF(A16="",B$3,A16)) | D15: =IF(A15<>"",(A15+B15)/2,"") | E15: =IF(A15<>"",C15*D15,"") | F15: =IF(C15<>"",F14+C15,"") | G15: =IF(AND(F15<>"",F15<J8,H3),F15,"") | H15: =IF(A15<>"",(B15-A15),"") | I15: =IF(AND(A15<>"",H15<>"",H15<>0),C15/H15,"")
B16: =IF(A16="","",IF(A17="",B$3,A17)) | D16: =IF(A16<>"",(A16+B16)/2,"") | E16: =IF(A16<>"",C16*D16,"") | F16: =IF(C16<>"",F15+C16,"") | G16: =IF(AND(F16<>"",F16<J8,H3),F16,"") | H16: =IF(A16<>"",(B16-A16),"") | I16: =IF(AND(A16<>"",H16<>"",H16<>0),C16/H16,"")
B17: =IF(A17="","",IF(A18="",B$3,A18)) | D17: =IF(A17<>"",(A17+B17)/2,"") | E17: =IF(A17<>"",C17*D17,"") | F17: =IF(C17<>"",F16+C17,"") | G17: =IF(AND(F17<>"",F17<J8,H3),F17,"") | H17: =IF(A17<>"",(B17-A17),"") | I17: =IF(AND(A17<>"",H17<>"",H17<>0),C17/H17,"")
B18: =IF(A18="","",IF(A19="",B$3,A19)) | D18: =IF(A18<>"",(A18+B18)/2,"") | E18: =IF(A18<>"",C18*D18,"") | F18: =IF(C18<>"",F17+C18,"") | G18: =IF(AND(F18<>"",F18<J8,H3),F18,"") | H18: =IF(A18<>"",(B18-A18),"") | I18: =IF(AND(A18<>"",H18<>"",H18<>0),C18/H18,"")
B19: =IF(A19="","",IF(A20="",B$3,A20)) | D19: =IF(A19<>"",(A19+B19)/2,"") | E19: =IF(A19<>"",C19*D19,"") | F19: =IF(C19<>"",F18+C19,"") | G19: =IF(AND(F19<>"",F19<J8,H3),F19,"") | H19: =IF(A19<>"",(B19-A19),"") | I19: =IF(AND(A19<>"",H19<>"",H19<>0),C19/H19,"")
B20: =IF(A20="","",IF(A21="",B$3,A21)) | D20: =IF(A20<>"",(A20+B20)/2,"") | E20: =IF(A20<>"",C20*D20,"") | F20: =IF(C20<>"",F19+C20,"") | G20: =IF(AND(F20<>"",F20<J8,H3),F20,"") | H20: =IF(A20<>"",(B20-A20),"") | I20: =IF(AND(A20<>"",H20<>"",H20<>0),C20/H20,"")
B21: =IF(A21="","",IF(A22="",B$3,A22)) | D21: =IF(A21<>"",(A21+B21)/2,"") | E21: =IF(A21<>"",C21*D21,"") | F21: =IF(C21<>"",F20+C21,"") | G21: =IF(AND(F21<>"",F21<J8,H3),F21,"") | H21: =IF(A21<>"",(B21-A21),"") | I21: =IF(AND(A21<>"",H21<>"",H21<>0),C21/H21,"")
B22: =IF(A22="","",IF(A23="",B$3,A23)) | D22: =IF(A22<>"",(A22+B22)/2,"") | E22: =IF(A22<>"",C22*D22,"") | F22: =IF(C22<>"",F21+C22,"") | G22: =IF(AND(F22<>"",F22<J8,H3),F22,"") | H22: =IF(A22<>"",(B22-A22),"") | I22: =IF(AND(A22<>"",H22<>"",H22<>0),C22/H22,"")
B23: =IF(A23="","",IF(A24="",B$3,A24)) | D23: =IF(A23<>"",(A23+B23)/2,"") | E23: =IF(A23<>"",C23*D23,"") | F23: =IF(C23<>"",F22+C23,"") | G23: =IF(AND(F23<>"",F23<J8,H3),F23,"") | H23: =IF(A23<>"",(B23-A23),"") | I23: =IF(AND(A23<>"",H23<>"",H23<>0),C23/H23,"")
B24: =IF(A24="","",IF(A25="",B$3,A25)) | D24: =IF(A24<>"",(A24+B24)/2,"") | E24: =IF(A24<>"",C24*D24,"") | F24: =IF(C24<>"",F23+C24,"") | G24: =IF(AND(F24<>"",F24<J8,H3),F24,"") | H24: =IF(A24<>"",(B24-A24),"") | I24: =IF(AND(A24<>"",H24<>"",H24<>0),C24/H24,"")
B25: =IF(A25="","",IF(A26="",B$3,A26)) | D25: =IF(A25<>"",(A25+B25)/2,"") | E25: =IF(A25<>"",C25*D25,"") | F25: =IF(C25<>"",F24+C25,"") | G25: =IF(AND(F25<>"",F25<J8,H3),F25,"") | H25: =IF(A25<>"",(B25-A25),"") | I25: =IF(AND(A25<>"",H25<>"",H25<>0),C25/H25,"")
B26: =IF(A26="","",IF(A27="",B$3,A27)) | D26: =IF(A26<>"",(A26+B26)/2,"") | E26: =IF(A26<>"",C26*D26,"") | F26: =IF(C26<>"",F25+C26,"") | G26: =IF(AND(F26<>"",F26<J8,H3),F26,"") | H26: =IF(A26<>"",(B26-A26),"") | I26: =IF(AND(A26<>"",H26<>"",H26<>0),C26/H26,"")
B27: =IF(A27="","",IF(A28="",B$3,A28)) | D27: =IF(A27<>"",(A27+B27)/2,"") | E27: =IF(A27<>"",C27*D27,"") | F27: =IF(C27<>"",F26+C27,"") | G27: =IF(AND(F27<>"",F27<J8,H3),F27,"") | H27: =IF(A27<>"",(B27-A27),"") | I27: =IF(AND(A27<>"",H27<>"",H27<>0),C27/H27,"")

Sheet Histogram
A1: Intervall | B1: Høyde (f/bredde)
A2: =IF('Inndata til histogram'!A8<>"",'Inndata til histogram'!A8&"–"&'Inndata til histogram'!B8,"") | B2: =IF('Inndata til histogram'!I8<>"",'Inndata til histogram'!I8,0) -> 0
A3: =IF('Inndata til histogram'!A9<>"",'Inndata til histogram'!A9&"–"&'Inndata til histogram'!B9,"") | B3: =IF('Inndata til histogram'!I9<>"",'Inndata til histogram'!I9,0) -> 0
A4: =IF('Inndata til histogram'!A10<>"",'Inndata til histogram'!A10&"–"&'Inndata til histogram'!B10,"") | B4: =IF('Inndata til histogram'!I10<>"",'Inndata til histogram'!I10,0) -> 0
A5: =IF('Inndata til histogram'!A11<>"",'Inndata til histogram'!A11&"–"&'Inndata til histogram'!B11,"") | B5: =IF('Inndata til histogram'!I11<>"",'Inndata til histogram'!I11,0) -> 0
A6: =IF('Inndata til histogram'!A12<>"",'Inndata til histogram'!A12&"–"&'Inndata til histogram'!B12,"") | B6: =IF('Inndata til histogram'!I12<>"",'Inndata til histogram'!I12,0) -> 0
A7: =IF('Inndata til histogram'!A13<>"",'Inndata til histogram'!A13&"–"&'Inndata til histogram'!B13,"") | B7: =IF('Inndata til histogram'!I13<>"",'Inndata til histogram'!I13,0) -> 0
A8: =IF('Inndata til histogram'!A14<>"",'Inndata til histogram'!A14&"–"&'Inndata til histogram'!B14,"") | B8: =IF('Inndata til histogram'!I14<>"",'Inndata til histogram'!I14,0) -> 0
A9: =IF('Inndata til histogram'!A15<>"",'Inndata til histogram'!A15&"–"&'Inndata til histogram'!B15,"") | B9: =IF('Inndata til histogram'!I15<>"",'Inndata til histogram'!I15,0) -> 0
A10: =IF('Inndata til histogram'!A16<>"",'Inndata til histogram'!A16&"–"&'Inndata til histogram'!B16,"") | B10: =IF('Inndata til histogram'!I16<>"",'Inndata til histogram'!I16,0) -> 0
A11: =IF('Inndata til histogram'!A17<>"",'Inndata til histogram'!A17&"–"&'Inndata til histogram'!B17,"") | B11: =IF('Inndata til histogram'!I17<>"",'Inndata til histogram'!I17,0) -> 0
A12: =IF('Inndata til histogram'!A18<>"",'Inndata til histogram'!A18&"–"&'Inndata til histogram'!B18,"") | B12: =IF('Inndata til histogram'!I18<>"",'Inndata til histogram'!I18,0) -> 0
A13: =IF('Inndata til histogram'!A19<>"",'Inndata til histogram'!A19&"–"&'Inndata til histogram'!B19,"") | B13: =IF('Inndata til histogram'!I19<>"",'Inndata til histogram'!I19,0) -> 0
... A21: =IF('Inndata til histogram'!A27<>"",'Inndata til histogram'!A27&"–"&'Inndata til histogram'!B27,"") | B21: =IF('Inndata til histogram'!I27<>"",'Inndata til histogram'!I27,0) -> 0
